{"cameraMode":{"drawMode":0,"name":"Shaded","section":"Shading Mode"},"sceneLighting":true,"audioPlay":false,"sceneViewState":{"m_AlwaysRefresh":false,"showFog":true,"showSkybox":true,"showFlares":true,"showImageEffects":true,"showParticleSystems":true,"showVisualEffectGraphs":true,"m_FxEnabled":true},"in2DMode":false,"pivot":{"x":57.872703552246097,"y":-39.101646423339847,"z":10.98538589477539},"rotation":{"x":0.22553955018520356,"y":0.6035065054893494,"z":-0.18331915140151978,"w":0.7425018548965454},"size":38.475738525390628,"orthographic":false}