{"cameraMode":{"drawMode":0,"name":"Shaded","section":"Shading Mode"},"sceneLighting":true,"audioPlay":false,"sceneViewState":{"m_AlwaysRefresh":false,"showFog":true,"showSkybox":true,"showFlares":true,"showImageEffects":true,"showParticleSystems":true,"showVisualEffectGraphs":true,"m_FxEnabled":true},"in2DMode":false,"pivot":{"x":-137.37435913085938,"y":-115.86389923095703,"z":-99.83147430419922},"rotation":{"x":0.13237877190113069,"y":-0.8525181412696838,"z":0.26035943627357485,"w":0.43350309133529665},"size":106.4343032836914,"orthographic":false}